kind,net,layer,width_mm,start_x_mm,start_y_mm,end_x_mm,end_y_mm,diameter_mm,drill_mm
segment,CH_LED_1,B.Cu,0.200000,20.248500,20.926900,20.248500,23.606100,,
segment,CH_LED_1,B.Cu,0.200000,20.248500,23.606100,19.056400,24.798200,,
segment,CH_LED_1,B.Cu,0.200000,74.756900,16.250000,74.510800,16.496100,,
segment,CH_LED_1,B.Cu,0.200000,76.470000,16.250000,74.756900,16.250000,,
segment,CH_LED_1,F.Cu,0.200000,18.950000,24.904600,19.056400,24.798200,,
segment,CH_LED_1,F.Cu,0.200000,18.950000,26.000000,18.950000,24.904600,,
segment,CH_LED_1,F.Cu,0.200000,20.248500,20.926900,24.679300,16.496100,,
segment,CH_LED_1,F.Cu,0.200000,24.679300,16.496100,74.510800,16.496100,,
segment,CH_LED_10,B.Cu,0.200000,76.470000,20.750000,77.371700,20.750000,,
segment,CH_LED_10,B.Cu,0.200000,76.969900,23.969800,76.689000,23.969800,,
segment,CH_LED_10,B.Cu,0.200000,77.371700,20.750000,77.371700,23.568000,,
segment,CH_LED_10,B.Cu,0.200000,77.371700,23.568000,76.969900,23.969800,,
segment,CH_LED_10,F.Cu,0.200000,63.950000,26.000000,64.751700,26.000000,,
segment,CH_LED_10,F.Cu,0.200000,64.751700,25.599100,66.381000,23.969800,,
segment,CH_LED_10,F.Cu,0.200000,64.751700,26.000000,64.751700,25.599100,,
segment,CH_LED_10,F.Cu,0.200000,66.381000,23.969800,76.689000,23.969800,,
segment,CH_LED_10_A,F.Cu,0.250000,65.800000,31.500000,66.050000,26.000000,,
segment,CH_LED_1_A,F.Cu,0.250000,20.800000,31.500000,21.050000,26.000000,,
segment,CH_LED_2,B.Cu,0.200000,36.181800,21.833700,41.345500,16.670000,,
segment,CH_LED_2,B.Cu,0.200000,41.345500,16.670000,73.864800,16.670000,,
segment,CH_LED_2,B.Cu,0.200000,73.864800,16.670000,73.869500,16.674700,,
segment,CH_LED_2,B.Cu,0.200000,73.869500,16.674700,73.869500,16.745200,,
segment,CH_LED_2,B.Cu,0.200000,73.869500,16.745200,74.222100,17.097800,,
segment,CH_LED_2,B.Cu,0.200000,74.222100,17.097800,74.878900,17.097800,,
segment,CH_LED_2,B.Cu,0.200000,74.878900,17.097800,75.226700,16.750000,,
segment,CH_LED_2,B.Cu,0.200000,75.226700,16.750000,75.568300,16.750000,,
segment,CH_LED_2,B.Cu,0.200000,76.470000,16.750000,75.568300,16.750000,,
segment,CH_LED_2,F.Cu,0.200000,23.950000,26.000000,24.751700,26.000000,,
segment,CH_LED_2,F.Cu,0.200000,24.751700,25.601200,28.519100,21.833800,,
segment,CH_LED_2,F.Cu,0.200000,24.751700,26.000000,24.751700,25.601200,,
segment,CH_LED_2,F.Cu,0.200000,28.519100,21.833800,36.181800,21.833800,,
segment,CH_LED_2,F.Cu,0.200000,36.181800,21.833800,36.181800,21.833700,,
segment,CH_LED_2_A,F.Cu,0.250000,25.800000,31.500000,26.050000,26.000000,,
segment,CH_LED_3,B.Cu,0.200000,37.004100,21.862300,41.794700,17.071700,,
segment,CH_LED_3,B.Cu,0.200000,41.794700,17.071700,73.628000,17.071700,,
segment,CH_LED_3,B.Cu,0.200000,73.628000,17.071700,74.055800,17.499500,,
segment,CH_LED_3,B.Cu,0.200000,74.055800,17.499500,75.045200,17.499500,,
segment,CH_LED_3,B.Cu,0.200000,75.045200,17.499500,75.086700,17.458000,,
segment,CH_LED_3,B.Cu,0.200000,75.086700,17.458000,75.143000,17.458000,,
segment,CH_LED_3,B.Cu,0.200000,75.143000,17.458000,75.351000,17.250000,,
segment,CH_LED_3,B.Cu,0.200000,75.351000,17.250000,76.470000,17.250000,,
segment,CH_LED_3,F.Cu,0.200000,28.950000,26.000000,29.751700,26.000000,,
segment,CH_LED_3,F.Cu,0.200000,29.751700,25.599200,30.396400,24.954500,,
segment,CH_LED_3,F.Cu,0.200000,29.751700,26.000000,29.751700,25.599200,,
segment,CH_LED_3,F.Cu,0.200000,30.396400,24.954500,33.911900,24.954500,,
segment,CH_LED_3,F.Cu,0.200000,33.911900,24.954500,37.004100,21.862300,,
segment,CH_LED_3_A,F.Cu,0.250000,30.800000,31.500000,31.050000,26.000000,,
segment,CH_LED_4,B.Cu,0.200000,73.606400,17.901200,73.385000,17.679800,,
segment,CH_LED_4,B.Cu,0.200000,75.267800,17.901200,73.606400,17.901200,,
segment,CH_LED_4,B.Cu,0.200000,75.417500,17.751500,75.267800,17.901200,,
segment,CH_LED_4,B.Cu,0.200000,75.566800,17.751500,75.417500,17.751500,,
segment,CH_LED_4,B.Cu,0.200000,75.568300,17.750000,75.566800,17.751500,,
segment,CH_LED_4,B.Cu,0.200000,76.470000,17.750000,75.568300,17.750000,,
segment,CH_LED_4,F.Cu,0.200000,33.950000,26.000000,34.751700,26.000000,,
segment,CH_LED_4,F.Cu,0.200000,34.751700,25.599200,42.871600,17.479300,,
segment,CH_LED_4,F.Cu,0.200000,34.751700,26.000000,34.751700,25.599200,,
segment,CH_LED_4,F.Cu,0.200000,42.871600,17.479300,73.184500,17.479300,,
segment,CH_LED_4,F.Cu,0.200000,73.184500,17.479300,73.385000,17.679800,,
segment,CH_LED_4_A,F.Cu,0.250000,35.800000,31.500000,36.050000,26.000000,,
segment,CH_LED_5,B.Cu,0.200000,75.091400,18.726900,75.089100,18.726900,,
segment,CH_LED_5,B.Cu,0.200000,75.568300,18.250000,75.091400,18.726900,,
segment,CH_LED_5,B.Cu,0.200000,76.470000,18.250000,75.568300,18.250000,,
segment,CH_LED_5,F.Cu,0.200000,38.950000,26.000000,39.751700,26.000000,,
segment,CH_LED_5,F.Cu,0.200000,39.751700,25.599200,46.624000,18.726900,,
segment,CH_LED_5,F.Cu,0.200000,39.751700,26.000000,39.751700,25.599200,,
segment,CH_LED_5,F.Cu,0.200000,46.624000,18.726900,75.089100,18.726900,,
segment,CH_LED_5_A,F.Cu,0.250000,40.800000,31.500000,41.050000,26.000000,,
segment,CH_LED_6,B.Cu,0.200000,76.470000,18.750000,77.371700,18.750000,,
segment,CH_LED_6,B.Cu,0.200000,77.371700,18.750000,77.371700,19.175400,,
segment,CH_LED_6,B.Cu,0.200000,77.371700,19.175400,77.573200,19.376900,,
segment,CH_LED_6,F.Cu,0.200000,43.950000,26.000000,44.751700,26.000000,,
segment,CH_LED_6,F.Cu,0.200000,44.751700,25.599200,50.974000,19.376900,,
segment,CH_LED_6,F.Cu,0.200000,44.751700,26.000000,44.751700,25.599200,,
segment,CH_LED_6,F.Cu,0.200000,50.974000,19.376900,77.573200,19.376900,,
segment,CH_LED_6_A,F.Cu,0.250000,45.800000,31.500000,46.050000,26.000000,,
segment,CH_LED_7,B.Cu,0.200000,72.768500,19.980200,73.408500,19.340200,,
segment,CH_LED_7,B.Cu,0.200000,73.408500,19.340200,75.327000,19.340200,,
segment,CH_LED_7,B.Cu,0.200000,75.327000,19.340200,75.417200,19.250000,,
segment,CH_LED_7,B.Cu,0.200000,75.417200,19.250000,76.470000,19.250000,,
segment,CH_LED_7,F.Cu,0.200000,48.950000,26.000000,49.751700,26.000000,,
segment,CH_LED_7,F.Cu,0.200000,49.751700,25.599100,55.370600,19.980200,,
segment,CH_LED_7,F.Cu,0.200000,49.751700,26.000000,49.751700,25.599100,,
segment,CH_LED_7,F.Cu,0.200000,55.370600,19.980200,72.768500,19.980200,,
segment,CH_LED_7_A,F.Cu,0.250000,50.800000,31.500000,51.050000,26.000000,,
segment,CH_LED_8,B.Cu,0.200000,73.889100,19.750000,72.838800,20.800300,,
segment,CH_LED_8,B.Cu,0.200000,76.470000,19.750000,73.889100,19.750000,,
segment,CH_LED_8,F.Cu,0.200000,53.950000,26.000000,54.751700,26.000000,,
segment,CH_LED_8,F.Cu,0.200000,54.751700,25.599100,59.550500,20.800300,,
segment,CH_LED_8,F.Cu,0.200000,54.751700,26.000000,54.751700,25.599100,,
segment,CH_LED_8,F.Cu,0.200000,59.550500,20.800300,72.838800,20.800300,,
segment,CH_LED_8_A,F.Cu,0.250000,55.800000,31.500000,56.050000,26.000000,,
segment,CH_LED_9,B.Cu,0.200000,74.645800,20.250000,73.750300,21.145500,,
segment,CH_LED_9,B.Cu,0.200000,76.470000,20.250000,74.645800,20.250000,,
segment,CH_LED_9,F.Cu,0.200000,58.950000,26.000000,59.751700,26.000000,,
segment,CH_LED_9,F.Cu,0.200000,59.751700,25.599200,63.102400,22.248500,,
segment,CH_LED_9,F.Cu,0.200000,59.751700,26.000000,59.751700,25.599200,,
segment,CH_LED_9,F.Cu,0.200000,63.102400,22.248500,72.647300,22.248500,,
segment,CH_LED_9,F.Cu,0.200000,72.647300,22.248500,73.750300,21.145500,,
segment,CH_LED_9_A,F.Cu,0.250000,60.800000,31.500000,61.050000,26.000000,,
segment,FB_3V3_OR_IO,B.Cu,0.200000,12.281400,14.925500,12.281400,19.406800,,
segment,FB_3V3_OR_IO,B.Cu,0.200000,12.281400,19.406800,17.839600,24.965000,,
segment,FB_3V3_OR_IO,B.Cu,0.200000,15.666900,11.540000,12.281400,14.925500,,
segment,FB_3V3_OR_IO,B.Cu,0.200000,15.906200,27.365300,15.476200,27.795300,,
segment,FB_3V3_OR_IO,B.Cu,0.200000,15.906200,27.365300,19.048400,30.507600,,
segment,FB_3V3_OR_IO,B.Cu,0.200000,17.839600,24.965000,17.839600,25.431900,,
segment,FB_3V3_OR_IO,B.Cu,0.200000,17.839600,24.965000,17.983600,24.965000,,
segment,FB_3V3_OR_IO,B.Cu,0.200000,17.839600,25.431900,15.906200,27.365300,,
segment,FB_3V3_OR_IO,B.Cu,0.200000,18.500000,11.540000,15.666900,11.540000,,
segment,FB_3V3_OR_IO,B.Cu,0.200000,66.489300,8.068100,66.228200,8.329200,,
segment,FB_3V3_OR_IO,B.Cu,0.200000,75.141800,8.068100,66.489300,8.068100,,
segment,FB_3V3_OR_IO,B.Cu,0.200000,76.470000,12.250000,77.371700,12.250000,,
segment,FB_3V3_OR_IO,B.Cu,0.200000,76.625900,10.395300,76.625900,9.552200,,
segment,FB_3V3_OR_IO,B.Cu,0.200000,76.625900,9.552200,75.141800,8.068100,,
segment,FB_3V3_OR_IO,B.Cu,0.200000,77.371700,11.141100,76.625900,10.395300,,
segment,FB_3V3_OR_IO,B.Cu,0.200000,77.371700,12.250000,77.371700,11.141100,,
segment,FB_3V3_OR_IO,F.Cu,0.200000,14.900000,27.125000,14.900000,27.219100,,
segment,FB_3V3_OR_IO,F.Cu,0.200000,14.900000,27.219100,15.476200,27.795300,,
segment,FB_3V3_OR_IO,F.Cu,0.200000,17.100000,25.325000,17.100000,25.775000,,
segment,FB_3V3_OR_IO,F.Cu,0.200000,17.100000,25.325000,17.623600,25.325000,,
segment,FB_3V3_OR_IO,F.Cu,0.200000,17.623600,25.325000,17.983600,24.965000,,
segment,FB_3V3_OR_IO,F.Cu,0.200000,18.500000,11.540000,20.460000,13.500000,,
segment,FB_3V3_OR_IO,F.Cu,0.200000,19.048400,30.507600,19.048400,31.348400,,
segment,FB_3V3_OR_IO,F.Cu,0.200000,19.048400,31.348400,19.200000,31.500000,,
segment,FB_3V3_OR_IO,F.Cu,0.200000,19.956300,32.256300,19.200000,31.500000,,
segment,FB_3V3_OR_IO,F.Cu,0.200000,20.460000,13.500000,51.200000,13.500000,,
segment,FB_3V3_OR_IO,F.Cu,0.200000,21.543700,32.256300,19.956300,32.256300,,
segment,FB_3V3_OR_IO,F.Cu,0.200000,23.900000,31.800000,21.543700,32.256300,,
segment,FB_3V3_OR_IO,F.Cu,0.200000,22.000000,29.800000,23.900000,31.800000,,
segment,FB_3V3_OR_IO,F.Cu,0.200000,24.200000,31.500000,23.900000,31.800000,,
segment,FB_3V3_OR_IO,F.Cu,0.200000,24.960900,32.260900,24.200000,31.500000,,
segment,FB_3V3_OR_IO,F.Cu,0.200000,29.960900,32.260900,24.960900,32.260900,,
segment,FB_3V3_OR_IO,F.Cu,0.200000,29.960900,32.260900,29.200000,31.500000,,
segment,FB_3V3_OR_IO,F.Cu,0.200000,34.200000,32.260900,29.960900,32.260900,,
segment,FB_3V3_OR_IO,F.Cu,0.200000,34.200000,32.260900,34.200000,31.500000,,
segment,FB_3V3_OR_IO,F.Cu,0.200000,39.200000,32.260900,34.200000,32.260900,,
segment,FB_3V3_OR_IO,F.Cu,0.200000,39.200000,32.260900,39.200000,31.500000,,
segment,FB_3V3_OR_IO,F.Cu,0.200000,44.200000,32.260900,39.200000,32.260900,,
segment,FB_3V3_OR_IO,F.Cu,0.200000,44.200000,32.260900,44.200000,31.500000,,
segment,FB_3V3_OR_IO,F.Cu,0.200000,49.200000,32.260900,44.200000,32.260900,,
segment,FB_3V3_OR_IO,F.Cu,0.200000,49.200000,32.260900,49.200000,31.500000,,
segment,FB_3V3_OR_IO,F.Cu,0.200000,51.200000,13.500000,52.357900,14.657900,,
segment,FB_3V3_OR_IO,F.Cu,0.200000,52.357900,14.657900,62.042100,14.657900,,
segment,FB_3V3_OR_IO,F.Cu,0.200000,54.200000,32.260900,49.200000,32.260900,,
segment,FB_3V3_OR_IO,F.Cu,0.200000,54.200000,32.260900,54.200000,31.500000,,
segment,FB_3V3_OR_IO,F.Cu,0.200000,59.200000,32.260900,54.200000,32.260900,,
segment,FB_3V3_OR_IO,F.Cu,0.200000,59.200000,32.260900,59.200000,31.500000,,
segment,FB_3V3_OR_IO,F.Cu,0.200000,62.042100,14.657900,63.200000,13.500000,,
segment,FB_3V3_OR_IO,F.Cu,0.200000,63.200000,10.042700,65.149400,8.093300,,
segment,FB_3V3_OR_IO,F.Cu,0.200000,63.200000,13.500000,63.200000,10.042700,,
segment,FB_3V3_OR_IO,F.Cu,0.200000,63.439100,32.260900,59.200000,32.260900,,
segment,FB_3V3_OR_IO,F.Cu,0.200000,64.200000,31.500000,63.439100,32.260900,,
segment,FB_3V3_OR_IO,F.Cu,0.200000,65.149400,8.093300,65.992300,8.093300,,
segment,FB_3V3_OR_IO,F.Cu,0.200000,65.992300,8.093300,66.228200,8.329200,,
segment,GND,B.Cu,0.200000,71.702000,10.100000,71.245300,9.643300,,
segment,GND,B.Cu,0.200000,71.978300,10.100000,71.702000,10.100000,,
segment,GND,B.Cu,0.200000,73.930000,10.100000,71.978300,10.100000,,
segment,GND,B.Cu,0.200000,73.930000,10.100000,75.569800,10.100000,,
segment,GND,B.Cu,0.200000,73.940000,24.900000,76.612600,24.900000,,
segment,GND,B.Cu,0.200000,75.568300,10.101500,75.569800,10.100000,,
segment,GND,B.Cu,0.200000,75.568300,12.750000,75.568300,10.101500,,
segment,GND,B.Cu,0.200000,75.569800,10.100000,75.881700,10.100000,,
segment,GND,B.Cu,0.200000,75.881700,10.100000,75.881700,11.161700,,
segment,GND,B.Cu,0.200000,75.881700,11.161700,76.470000,11.750000,,
segment,GND,B.Cu,0.200000,76.470000,12.750000,75.568300,12.750000,,
segment,GND,B.Cu,0.200000,76.612600,24.900000,78.207500,23.305100,,
segment,GND,B.Cu,0.200000,78.207500,16.454800,78.041800,16.289100,,
segment,GND,B.Cu,0.200000,78.207500,23.305100,78.207500,16.454800,,
segment,GND,F.Cu,0.200000,10.000000,10.700000,13.000000,10.700000,,
segment,GND,F.Cu,0.200000,10.000000,10.700000,6.550000,14.150000,,
segment,GND,F.Cu,0.200000,11.650000,17.500000,13.525000,17.500000,,
segment,GND,F.Cu,0.200000,13.000000,10.700000,15.648300,10.700000,,
segment,GND,F.Cu,0.200000,15.408100,24.031400,7.268600,24.031400,,
segment,GND,F.Cu,0.200000,15.648300,10.700000,16.368100,11.419800,,
segment,GND,F.Cu,0.200000,15.648300,10.700000,17.348300,9.000000,,
segment,GND,F.Cu,0.200000,15.775000,26.225000,14.900000,26.225000,,
segment,GND,F.Cu,0.200000,16.000000,24.623300,15.408100,24.031400,,
segment,GND,F.Cu,0.200000,16.000000,24.623300,18.423300,22.200000,,
segment,GND,F.Cu,0.200000,16.000000,24.629000,16.000000,24.623300,,
segment,GND,F.Cu,0.200000,16.000000,26.000000,15.775000,26.225000,,
segment,GND,F.Cu,0.200000,16.000000,26.000000,16.000000,24.629000,,
segment,GND,F.Cu,0.200000,18.423300,22.200000,19.000000,22.200000,,
segment,GND,F.Cu,0.200000,18.500000,9.000000,17.348300,9.000000,,
segment,GND,F.Cu,0.200000,18.500000,9.000000,19.651700,9.000000,,
segment,GND,F.Cu,0.200000,19.000000,22.200000,17.800000,21.000000,,
segment,GND,F.Cu,0.200000,19.651700,9.000000,20.445100,8.206600,,
segment,GND,F.Cu,0.200000,20.000000,25.352900,20.384300,24.968600,,
segment,GND,F.Cu,0.200000,20.000000,27.700000,20.000000,25.352900,,
segment,GND,F.Cu,0.200000,20.384300,23.584300,19.000000,22.200000,,
segment,GND,F.Cu,0.200000,20.384300,24.968600,20.384300,23.584300,,
segment,GND,F.Cu,0.200000,20.384300,24.968600,21.645300,24.968600,,
segment,GND,F.Cu,0.200000,20.445100,8.206600,22.800000,8.206600,,
segment,GND,F.Cu,0.200000,21.645300,24.968600,22.000000,25.323300,,
segment,GND,F.Cu,0.200000,22.000000,25.323300,22.000000,28.200000,,
segment,GND,F.Cu,0.200000,22.800000,8.206600,22.913300,8.093300,,
segment,GND,F.Cu,0.200000,22.800000,9.000000,22.800000,8.206600,,
segment,GND,F.Cu,0.200000,22.913300,8.093300,57.026700,8.093300,,
segment,GND,F.Cu,0.200000,4.557500,23.742500,3.800000,24.500000,,
segment,GND,F.Cu,0.200000,4.740000,14.450000,4.740000,14.150000,,
segment,GND,F.Cu,0.200000,4.740000,20.550000,4.740000,20.850000,,
segment,GND,F.Cu,0.200000,4.740000,20.850000,5.616700,20.850000,,
segment,GND,F.Cu,0.200000,5.616700,20.850000,5.616700,23.742500,,
segment,GND,F.Cu,0.200000,5.616700,23.742500,4.557500,23.742500,,
segment,GND,F.Cu,0.200000,56.500000,8.620000,57.026700,8.620000,,
segment,GND,F.Cu,0.200000,56.500000,9.380000,56.500000,8.620000,,
segment,GND,F.Cu,0.200000,56.500000,9.380000,56.500000,9.906700,,
segment,GND,F.Cu,0.200000,56.500000,9.906700,56.800000,10.206700,,
segment,GND,F.Cu,0.200000,56.800000,10.206700,56.800000,13.500000,,
segment,GND,F.Cu,0.200000,57.026700,8.093300,57.026700,8.620000,,
segment,GND,F.Cu,0.200000,57.428400,7.691600,57.026700,8.093300,,
segment,GND,F.Cu,0.200000,6.042500,23.742500,5.616700,23.742500,,
segment,GND,F.Cu,0.200000,6.550000,14.150000,4.740000,14.150000,,
segment,GND,F.Cu,0.200000,6.800000,24.500000,6.042500,23.742500,,
segment,GND,F.Cu,0.200000,67.044900,7.691600,57.428400,7.691600,,
segment,GND,F.Cu,0.200000,67.973300,8.620000,67.044900,7.691600,,
segment,GND,F.Cu,0.200000,68.500000,8.620000,67.973300,8.620000,,
segment,GND,F.Cu,0.200000,68.500000,9.380000,68.500000,8.620000,,
segment,GND,F.Cu,0.200000,68.500000,9.380000,68.500000,9.643300,,
segment,GND,F.Cu,0.200000,68.500000,9.643300,68.500000,9.906700,,
segment,GND,F.Cu,0.200000,68.500000,9.643300,71.245300,9.643300,,
segment,GND,F.Cu,0.200000,68.800000,10.206700,68.500000,9.906700,,
segment,GND,F.Cu,0.200000,68.800000,13.500000,68.800000,10.206700,,
segment,GND,F.Cu,0.200000,69.026700,13.273300,68.800000,13.500000,,
segment,GND,F.Cu,0.200000,7.268600,24.031400,6.800000,24.500000,,
segment,GND,F.Cu,0.200000,69.026700,13.273300,69.500000,11.700000,,
segment,GND,F.Cu,0.200000,69.500000,11.700000,74.500000,11.700000,,
segment,GND,F.Cu,0.200000,74.500000,11.700000,75.026000,13.273300,,
segment,GND,F.Cu,0.200000,78.041800,16.289100,75.026000,13.273300,,
segment,OLED_RST_OR_INT_DNP,B.Cu,0.200000,17.059100,16.879300,17.059100,13.498300,,
segment,OLED_RST_OR_INT_DNP,B.Cu,0.200000,23.547900,23.368100,17.059100,16.879300,,
segment,OLED_RST_OR_INT_DNP,B.Cu,0.200000,75.450200,23.368100,23.547900,23.368100,,
segment,OLED_RST_OR_INT_DNP,B.Cu,0.200000,75.568300,23.250000,75.450200,23.368100,,
segment,OLED_RST_OR_INT_DNP,B.Cu,0.200000,76.470000,23.250000,75.568300,23.250000,,
segment,OLED_RST_OR_INT_DNP,F.Cu,0.200000,17.059100,11.266500,17.059100,13.498300,,
segment,OLED_RST_OR_INT_DNP,F.Cu,0.200000,18.042900,10.282700,17.059100,11.266500,,
segment,OLED_RST_OR_INT_DNP,F.Cu,0.200000,19.917300,10.282700,18.042900,10.282700,,
segment,OLED_RST_OR_INT_DNP,F.Cu,0.200000,21.200000,9.000000,19.917300,10.282700,,
segment,OLED_SCL,B.Cu,0.200000,18.500000,14.080000,26.921100,22.501100,,
segment,OLED_SCL,B.Cu,0.200000,26.921100,22.501100,72.620700,22.501100,,
segment,OLED_SCL,B.Cu,0.200000,72.620700,22.501100,72.871800,22.250000,,
segment,OLED_SCL,B.Cu,0.200000,72.871800,22.250000,76.470000,22.250000,,
segment,OLED_SDA,B.Cu,0.200000,24.799100,22.919100,18.500000,16.620000,,
segment,OLED_SDA,B.Cu,0.200000,75.165700,22.919100,24.799100,22.919100,,
segment,OLED_SDA,B.Cu,0.200000,75.334800,22.750000,75.165700,22.919100,,
segment,OLED_SDA,B.Cu,0.200000,76.470000,22.750000,75.334800,22.750000,,
segment,RESET_BTN,B.Cu,0.200000,69.757400,18.598600,69.757400,18.116200,,
segment,RESET_BTN,B.Cu,0.200000,72.908800,21.750000,69.757400,18.598600,,
segment,RESET_BTN,B.Cu,0.200000,76.470000,21.750000,72.908800,21.750000,,
segment,RESET_BTN,F.Cu,0.200000,65.500000,12.800000,64.800000,13.500000,,
segment,RESET_BTN,F.Cu,0.200000,65.500000,9.380000,65.500000,12.800000,,
segment,RESET_BTN,F.Cu,0.200000,65.500000,9.380000,65.500000,8.620000,,
segment,RESET_BTN,F.Cu,0.200000,66.200000,13.500000,65.500000,12.800000,,
segment,RESET_BTN,F.Cu,0.200000,67.200000,13.500000,66.200000,13.500000,,
segment,RESET_BTN,F.Cu,0.200000,67.200000,13.500000,68.369100,14.669100,,
segment,RESET_BTN,F.Cu,0.200000,68.369100,14.669100,74.406600,14.669100,,
segment,RESET_BTN,F.Cu,0.200000,69.951400,18.310200,69.757400,18.116200,,
segment,RESET_BTN,F.Cu,0.200000,73.628000,18.310200,69.951400,18.310200,,
segment,RESET_BTN,F.Cu,0.200000,74.406600,14.669100,75.126800,15.389300,,
segment,RESET_BTN,F.Cu,0.200000,75.126800,15.389300,75.126800,16.811400,,
segment,RESET_BTN,F.Cu,0.200000,75.126800,16.811400,73.628000,18.310200,,
segment,RGB_B_K,F.Cu,0.200000,12.800000,26.450000,13.566500,26.450000,,
segment,RGB_B_K,F.Cu,0.200000,13.566500,26.450000,14.241500,25.775000,,
segment,RGB_B_K,F.Cu,0.200000,14.241500,25.775000,14.900000,25.775000,,
segment,RGB_CM,F.Cu,0.200000,13.844800,27.200000,14.369800,26.675000,,
segment,RGB_CM,F.Cu,0.200000,14.369800,26.675000,14.900000,26.675000,,
segment,RGB_CM,F.Cu,0.200000,9.500000,27.200000,13.844800,27.200000,,
segment,RGB_CP,F.Cu,0.200000,15.425000,28.800000,9.500000,28.800000,,
segment,RGB_CP,F.Cu,0.200000,17.100000,27.125000,15.425000,28.800000,,
segment,RGB_G_K,F.Cu,0.200000,12.800000,24.973300,13.290200,24.483100,,
segment,RGB_G_K,F.Cu,0.200000,12.800000,25.550000,12.800000,24.973300,,
segment,RGB_G_K,F.Cu,0.200000,13.290200,24.483100,14.508100,24.483100,,
segment,RGB_G_K,F.Cu,0.200000,14.508100,24.483100,14.900000,24.875000,,
segment,RGB_ISETG,F.Cu,0.200000,18.175000,23.800000,17.100000,24.875000,,
segment,RGB_ISETG,F.Cu,0.200000,19.000000,23.800000,18.175000,23.800000,,
segment,RGB_LED_ANODE,F.Cu,0.150000,17.100000,26.675000,17.700000,26.675000,,
segment,RGB_LED_ANODE,F.Cu,0.150000,17.700000,26.675000,17.700000,28.800000,,
segment,RGB_LED_ANODE,F.Cu,0.150000,17.700000,28.800000,18.459700,29.559700,,
segment,RGB_LED_ANODE,F.Cu,0.150000,18.459700,29.559700,19.740300,29.559700,,
segment,RGB_LED_ANODE,F.Cu,0.200000,19.740300,29.559700,7.496900,29.559700,,
segment,RGB_LED_ANODE,F.Cu,0.200000,20.000000,29.300000,19.740300,29.559700,,
segment,RGB_LED_ANODE,F.Cu,0.200000,7.216800,26.758700,7.525500,26.450000,,
segment,RGB_LED_ANODE,F.Cu,0.200000,7.216800,29.279600,7.216800,26.758700,,
segment,RGB_LED_ANODE,F.Cu,0.200000,7.496900,29.559700,7.216800,29.279600,,
segment,RGB_LED_ANODE,F.Cu,0.200000,7.525500,26.450000,11.200000,26.450000,,
segment,RGB_R_K,B.Cu,0.200000,10.271200,25.625200,13.501500,25.625200,,
segment,RGB_R_K,B.Cu,0.200000,13.501500,25.625200,14.011400,25.115300,,
segment,RGB_R_K,F.Cu,0.200000,10.423100,25.625200,10.271200,25.625200,,
segment,RGB_R_K,F.Cu,0.200000,10.498300,25.550000,10.423100,25.625200,,
segment,RGB_R_K,F.Cu,0.200000,11.200000,25.550000,10.498300,25.550000,,
segment,RGB_R_K,F.Cu,0.200000,14.011400,25.115300,14.221100,25.325000,,
segment,RGB_R_K,F.Cu,0.200000,14.221100,25.325000,14.900000,25.325000,,
segment,SERVICE_BTN,B.Cu,0.200000,69.740800,13.874600,61.966700,13.874600,,
segment,SERVICE_BTN,B.Cu,0.200000,69.741200,13.875000,69.740800,13.874600,,
segment,SERVICE_BTN,B.Cu,0.200000,75.550800,21.250000,75.368300,21.067500,,
segment,SERVICE_BTN,B.Cu,0.200000,76.470000,21.250000,75.550800,21.250000,,
segment,SERVICE_BTN,F.Cu,0.200000,53.500000,12.800000,52.800000,13.500000,,
segment,SERVICE_BTN,F.Cu,0.200000,53.500000,9.380000,53.500000,12.800000,,
segment,SERVICE_BTN,F.Cu,0.200000,53.500000,9.380000,53.500000,8.620000,,
segment,SERVICE_BTN,F.Cu,0.200000,54.200000,13.500000,53.500000,12.800000,,
segment,SERVICE_BTN,F.Cu,0.200000,55.200000,13.500000,54.200000,13.500000,,
segment,SERVICE_BTN,F.Cu,0.200000,55.200000,13.500000,55.956200,14.256200,,
segment,SERVICE_BTN,F.Cu,0.200000,55.956200,14.256200,61.585100,14.256200,,
segment,SERVICE_BTN,F.Cu,0.200000,61.585100,14.256200,61.966700,13.874600,,
segment,SERVICE_BTN,F.Cu,0.200000,69.741200,13.875000,74.293800,13.875000,,
segment,SERVICE_BTN,F.Cu,0.200000,74.293800,13.875000,78.202200,17.783400,,
segment,SERVICE_BTN,F.Cu,0.200000,76.749900,21.067500,75.368300,21.067500,,
segment,SERVICE_BTN,F.Cu,0.200000,78.202200,17.783400,78.202200,19.615200,,
segment,SERVICE_BTN,F.Cu,0.200000,78.202200,19.615200,76.749900,21.067500,,
segment,STATUS_RGB_DATA,B.Cu,0.200000,17.950000,26.225000,19.045800,27.230200,,
segment,STATUS_RGB_DATA,B.Cu,0.200000,19.045800,27.230200,74.924200,27.230200,,
segment,STATUS_RGB_DATA,B.Cu,0.200000,74.924200,27.230200,78.672500,23.481900,,
segment,STATUS_RGB_DATA,B.Cu,0.200000,77.615500,15.750000,76.470000,15.750000,,
segment,STATUS_RGB_DATA,B.Cu,0.200000,77.698400,15.667100,77.615500,15.750000,,
segment,STATUS_RGB_DATA,B.Cu,0.200000,78.279600,15.667100,77.698400,15.667100,,
segment,STATUS_RGB_DATA,B.Cu,0.200000,78.672500,16.060000,78.279600,15.667100,,
segment,STATUS_RGB_DATA,B.Cu,0.200000,78.672500,23.481900,78.672500,16.060000,,
segment,STATUS_RGB_DATA,F.Cu,0.200000,17.100000,26.225000,17.950000,26.225000,,
segment,USB_CC1,B.Cu,0.200000,16.826800,8.534300,16.826800,8.908700,,
segment,USB_CC1,B.Cu,0.200000,16.826800,8.908700,14.273000,11.462500,,
segment,USB_CC1,B.Cu,0.200000,17.736000,7.625100,16.826800,8.534300,,
segment,USB_CC1,B.Cu,0.200000,21.534000,7.625100,17.736000,7.625100,,
segment,USB_CC1,B.Cu,0.200000,23.605800,9.696900,21.534000,7.625100,,
segment,USB_CC1,B.Cu,0.200000,50.819100,12.341100,52.954700,14.476700,,
segment,USB_CC1,B.Cu,0.200000,52.954700,14.476700,69.990400,14.476700,,
segment,USB_CC1,B.Cu,0.200000,69.990400,14.476700,70.217100,14.250000,,
segment,USB_CC1,B.Cu,0.200000,70.217100,14.250000,76.470000,14.250000,,
segment,USB_CC1,F.Cu,0.200000,10.000000,12.339800,10.000000,12.300000,,
segment,USB_CC1,F.Cu,0.200000,10.837500,11.462500,10.000000,12.300000,,
segment,USB_CC1,F.Cu,0.200000,14.273000,11.462500,10.837500,11.462500,,
segment,USB_CC1,F.Cu,0.200000,26.250000,12.341100,23.605800,9.696900,,
segment,USB_CC1,F.Cu,0.200000,4.740000,16.250000,6.089800,16.250000,,
segment,USB_CC1,F.Cu,0.200000,50.819100,12.341100,26.250000,12.341100,,
segment,USB_CC1,F.Cu,0.200000,6.089800,16.250000,10.000000,12.339800,,
segment,USB_CC2,B.Cu,0.200000,16.267000,12.875000,15.726000,12.334000,,
segment,USB_CC2,B.Cu,0.200000,16.267000,12.875000,16.267000,15.770200,,
segment,USB_CC2,B.Cu,0.200000,16.267000,12.875000,21.065000,12.875000,,
segment,USB_CC2,B.Cu,0.200000,16.267000,15.770200,12.905700,19.131500,,
segment,USB_CC2,B.Cu,0.200000,21.065000,12.875000,23.068400,14.878400,,
segment,USB_CC2,B.Cu,0.200000,23.068400,14.878400,70.156700,14.878400,,
segment,USB_CC2,B.Cu,0.200000,70.156700,14.878400,70.285100,14.750000,,
segment,USB_CC2,B.Cu,0.200000,70.285100,14.750000,76.470000,14.750000,,
segment,USB_CC2,F.Cu,0.200000,12.133900,19.903300,7.571100,19.903300,,
segment,USB_CC2,F.Cu,0.200000,12.905700,19.131500,12.133900,19.903300,,
segment,USB_CC2,F.Cu,0.200000,13.034000,12.334000,13.000000,12.300000,,
segment,USB_CC2,F.Cu,0.200000,15.726000,12.334000,13.034000,12.334000,,
segment,USB_CC2,F.Cu,0.200000,4.740000,19.250000,5.616700,19.250000,,
segment,USB_CC2,F.Cu,0.200000,5.988200,19.250000,5.616700,19.250000,,
segment,USB_CC2,F.Cu,0.200000,6.271000,19.532800,5.988200,19.250000,,
segment,USB_CC2,F.Cu,0.200000,7.200600,19.532800,6.271000,19.532800,,
segment,USB_CC2,F.Cu,0.200000,7.571100,19.903300,7.200600,19.532800,,
segment,USB_D_N,B.Cu,0.154000,13.000000,3.000000,14.000000,2.500000,,
segment,USB_D_N,B.Cu,0.154000,14.000000,2.500000,69.500000,2.500000,,
segment,USB_D_N,B.Cu,0.154000,72.500000,13.250000,73.000000,13.750000,,
segment,USB_D_N,B.Cu,0.154000,73.000000,13.750000,76.470000,13.750000,,
segment,USB_D_N,F.Cu,0.200000,9.350000,16.550000,10.200000,16.550000,,
segment,USB_D_N,F.Cu,0.200000,10.200000,16.550000,10.200000,15.650000,,
segment,USB_D_N,In1.Cu,0.200000,10.200000,15.650000,11.000000,14.350000,,
segment,USB_D_N,In1.Cu,0.200000,11.000000,14.350000,13.000000,14.350000,,
segment,USB_D_N,In1.Cu,0.200000,13.000000,14.350000,13.000000,12.350000,,
segment,USB_D_N,In1.Cu,0.200000,13.000000,12.350000,11.100000,12.350000,,
segment,USB_D_N,In1.Cu,0.200000,11.100000,12.350000,11.100000,10.350000,,
segment,USB_D_N,In1.Cu,0.200000,11.100000,10.350000,13.000000,10.350000,,
segment,USB_D_N,In1.Cu,0.200000,13.000000,10.350000,13.000000,8.350000,,
segment,USB_D_N,In1.Cu,0.200000,13.000000,8.350000,11.000000,8.350000,,
segment,USB_D_N,In1.Cu,0.200000,11.000000,8.350000,11.000000,6.350000,,
segment,USB_D_N,In1.Cu,0.200000,11.000000,6.350000,13.000000,6.350000,,
segment,USB_D_N,In1.Cu,0.200000,13.000000,6.350000,13.000000,3.000000,,
segment,USB_D_N,In1.Cu,0.200000,69.500000,2.500000,70.500000,3.500000,,
segment,USB_D_N,In1.Cu,0.200000,70.500000,3.500000,70.500000,10.000000,,
segment,USB_D_N,In1.Cu,0.200000,70.500000,10.000000,72.500000,13.250000,,
segment,USB_D_N_CONN,F.Cu,0.200000,10.162400,19.099900,8.004900,19.099900,,
segment,USB_D_N_CONN,F.Cu,0.200000,10.410600,16.951700,10.410600,18.616400,,
segment,USB_D_N_CONN,F.Cu,0.200000,10.410600,18.616400,10.528200,18.734000,,
segment,USB_D_N_CONN,F.Cu,0.200000,10.528200,18.734000,10.528200,18.734100,,
segment,USB_D_N_CONN,F.Cu,0.200000,10.528200,18.734100,10.162400,19.099900,,
segment,USB_D_N_CONN,F.Cu,0.200000,10.812300,16.550000,10.410600,16.951700,,
segment,USB_D_N_CONN,F.Cu,0.200000,11.650000,16.550000,10.812300,16.550000,,
segment,USB_D_N_CONN,F.Cu,0.200000,4.740000,16.750000,5.616700,16.750000,,
segment,USB_D_N_CONN,F.Cu,0.200000,4.740000,17.750000,5.616700,17.750000,,
segment,USB_D_N_CONN,F.Cu,0.200000,5.616700,17.750000,5.616700,16.750000,,
segment,USB_D_N_CONN,F.Cu,0.200000,6.655000,17.750000,5.616700,17.750000,,
segment,USB_D_N_CONN,F.Cu,0.200000,8.004900,19.099900,6.655000,17.750000,,
segment,USB_D_P,B.Cu,0.154000,14.000000,4.000000,14.500000,3.500000,,
segment,USB_D_P,B.Cu,0.154000,14.500000,3.500000,15.100000,2.857200,,
segment,USB_D_P,B.Cu,0.154000,15.100000,2.857200,68.500000,2.857200,,
segment,USB_D_P,B.Cu,0.154000,68.500000,2.857200,68.500000,3.500000,,
segment,USB_D_P,B.Cu,0.154000,73.500000,12.500000,74.500000,13.250000,,
segment,USB_D_P,B.Cu,0.154000,74.500000,13.250000,76.470000,13.250000,,
segment,USB_D_P,F.Cu,0.200000,9.350000,18.450000,9.800000,18.450000,,
segment,USB_D_P,In1.Cu,0.200000,9.800000,18.450000,12.000000,18.450000,,
segment,USB_D_P,In1.Cu,0.200000,12.000000,18.450000,14.000000,16.450000,,
segment,USB_D_P,In1.Cu,0.200000,14.000000,16.450000,15.500000,14.950000,,
segment,USB_D_P,In1.Cu,0.200000,15.500000,14.950000,16.300000,14.500000,,
segment,USB_D_P,In1.Cu,0.200000,16.300000,14.500000,16.350000,13.000000,,
segment,USB_D_P,In1.Cu,0.200000,16.350000,13.000000,16.600000,12.700000,,
segment,USB_D_P,In1.Cu,0.200000,16.600000,12.700000,16.600000,11.400000,,
segment,USB_D_P,In1.Cu,0.200000,16.600000,11.400000,15.500000,10.500000,,
segment,USB_D_P,In1.Cu,0.200000,15.500000,10.500000,14.000000,9.000000,,
segment,USB_D_P,In1.Cu,0.200000,14.000000,9.000000,14.000000,4.000000,,
segment,USB_D_P,In1.Cu,0.200000,68.500000,3.500000,68.500000,1.200000,,
segment,USB_D_P,In1.Cu,0.200000,68.500000,1.200000,72.500000,1.200000,,
segment,USB_D_P,In1.Cu,0.200000,72.500000,1.200000,72.500000,10.500000,,
segment,USB_D_P,In1.Cu,0.200000,72.500000,10.500000,73.500000,12.500000,,
segment,USB_D_P_CONN,B.Cu,0.150000,3.500000,17.250000,3.500000,18.250000,,
segment,USB_D_P_CONN,F.Cu,0.150000,3.500000,18.250000,4.740000,18.250000,,
segment,USB_D_P_CONN,F.Cu,0.150000,4.740000,17.250000,3.500000,17.250000,,
segment,USB_D_P_CONN,F.Cu,0.200000,10.328700,19.501600,10.930000,18.900300,,
segment,USB_D_P_CONN,F.Cu,0.200000,10.812300,18.450100,10.812300,18.450000,,
segment,USB_D_P_CONN,F.Cu,0.200000,10.930000,18.567800,10.812300,18.450100,,
segment,USB_D_P_CONN,F.Cu,0.200000,10.930000,18.900300,10.930000,18.567800,,
segment,USB_D_P_CONN,F.Cu,0.200000,11.650000,18.450000,10.812300,18.450000,,
segment,USB_D_P_CONN,F.Cu,0.200000,4.740000,18.250000,6.485800,18.250000,,
segment,USB_D_P_CONN,F.Cu,0.200000,6.485800,18.250000,7.737400,19.501600,,
segment,USB_D_P_CONN,F.Cu,0.200000,7.737400,19.501600,10.328700,19.501600,,
segment,USB_SHIELD,B.Cu,0.200000,0.000000,13.180000,4.179999,13.180000,,
segment,USB_SHIELD,B.Cu,0.200000,0.000000,21.820000,4.179999,21.820000,,
segment,USB_SHIELD,B.Cu,0.200000,4.180000,13.180000,5.531700,13.180000,,
segment,USB_SHIELD,B.Cu,0.200000,4.180000,21.820000,5.531700,21.820000,,
segment,USB_SHIELD,B.Cu,0.200000,5.318500,19.783800,5.318500,20.282000,,
segment,USB_SHIELD,B.Cu,0.200000,5.318500,20.282000,5.531700,20.495200,,
segment,USB_SHIELD,B.Cu,0.200000,5.531700,13.180000,5.531700,19.570600,,
segment,USB_SHIELD,B.Cu,0.200000,5.531700,19.570600,5.318500,19.783800,,
segment,USB_SHIELD,B.Cu,0.200000,5.531700,20.495200,5.531700,21.820000,,
segment,USB_SHIELD,F.Cu,0.200000,2.200000,22.448300,2.828300,21.820000,,
segment,USB_SHIELD,F.Cu,0.200000,2.200000,24.500000,2.200000,22.448300,,
segment,USB_SHIELD,F.Cu,0.200000,2.989200,25.289200,2.200000,24.500000,,
segment,USB_SHIELD,F.Cu,0.200000,4.180000,21.820000,2.828300,21.820000,,
segment,USB_SHIELD,F.Cu,0.200000,4.410800,25.289200,2.989200,25.289200,,
segment,USB_SHIELD,F.Cu,0.200000,5.200000,24.500000,4.410800,25.289200,,
segment,USB_VBUS,B.Cu,0.200000,6.533800,14.950000,6.533800,19.419300,,
segment,USB_VBUS,B.Cu,0.200000,6.533800,14.950000,8.292600,14.950000,,
segment,USB_VBUS,B.Cu,0.200000,6.533800,19.419300,5.920200,20.032900,,
segment,USB_VBUS,B.Cu,0.200000,8.292600,14.950000,9.004800,15.662200,,
segment,USB_VBUS,F.Cu,0.200000,14.000000,15.800000,13.200000,15.000000,,
segment,USB_VBUS,F.Cu,0.200000,13.200000,15.000000,9.667000,15.000000,,
segment,USB_VBUS,F.Cu,0.200000,4.740000,14.950000,5.616700,14.950000,,
segment,USB_VBUS,F.Cu,0.200000,4.740000,15.250000,4.740000,14.950000,,
segment,USB_VBUS,F.Cu,0.200000,4.740000,19.750000,4.740000,20.050000,,
segment,USB_VBUS,F.Cu,0.200000,5.903100,20.050000,4.740000,20.050000,,
segment,USB_VBUS,F.Cu,0.200000,5.920200,20.032900,5.903100,20.050000,,
segment,USB_VBUS,F.Cu,0.200000,6.533800,14.950000,5.616700,14.950000,,
segment,USB_VBUS,F.Cu,0.200000,8.512300,16.154700,8.512300,17.500000,,
segment,USB_VBUS,F.Cu,0.200000,9.004800,15.662200,8.512300,16.154700,,
segment,USB_VBUS,F.Cu,0.200000,9.350000,17.500000,8.512300,17.500000,,
segment,USB_VBUS,F.Cu,0.200000,9.667000,15.000000,9.004800,15.662200,,
segment,USB_VBUS_DETECT_RAW,B.Cu,0.200000,75.371800,15.446500,74.324000,15.446500,,
segment,USB_VBUS_DETECT_RAW,B.Cu,0.200000,75.568300,15.250000,75.371800,15.446500,,
segment,USB_VBUS_DETECT_RAW,B.Cu,0.200000,76.470000,15.250000,75.568300,15.250000,,
segment,USB_VBUS_DETECT_RAW,F.Cu,0.200000,14.000000,14.200000,14.800000,15.000000,,
segment,USB_VBUS_DETECT_RAW,F.Cu,0.200000,14.800000,15.000000,16.800000,15.000000,,
segment,USB_VBUS_DETECT_RAW,F.Cu,0.200000,16.800000,15.000000,17.704600,15.446500,,
segment,USB_VBUS_DETECT_RAW,F.Cu,0.200000,16.000000,15.800000,17.000000,15.800000,,
segment,USB_VBUS_DETECT_RAW,F.Cu,0.200000,17.000000,15.800000,17.704600,15.446500,,
segment,USB_VBUS_DETECT_RAW,F.Cu,0.200000,15.000000,19.300000,16.500000,19.300000,,
segment,USB_VBUS_DETECT_RAW,F.Cu,0.200000,16.500000,19.300000,17.200000,18.600000,,
segment,USB_VBUS_DETECT_RAW,F.Cu,0.200000,17.200000,18.600000,17.200000,16.000000,,
segment,USB_VBUS_DETECT_RAW,F.Cu,0.200000,17.200000,16.000000,17.704600,15.446500,,
segment,USB_VBUS_DETECT_RAW,F.Cu,0.200000,17.704600,15.446500,74.324000,15.446500,,
via,CH_LED_1,,,19.056400,24.798200,,,0.600000,0.300000
via,CH_LED_1,,,20.248500,20.926900,,,0.600000,0.300000
via,CH_LED_1,,,74.510800,16.496100,,,0.600000,0.300000
via,CH_LED_10,,,76.689000,23.969800,,,0.600000,0.300000
via,CH_LED_2,,,36.181800,21.833700,,,0.600000,0.300000
via,CH_LED_3,,,37.004100,21.862300,,,0.600000,0.300000
via,CH_LED_4,,,73.385000,17.679800,,,0.600000,0.300000
via,CH_LED_5,,,75.089100,18.726900,,,0.600000,0.300000
via,CH_LED_6,,,77.573200,19.376900,,,0.600000,0.300000
via,CH_LED_7,,,72.768500,19.980200,,,0.600000,0.300000
via,CH_LED_8,,,72.838800,20.800300,,,0.600000,0.300000
via,CH_LED_9,,,73.750300,21.145500,,,0.600000,0.300000
via,FB_3V3_OR_IO,,,15.476200,27.795300,,,0.600000,0.300000
via,FB_3V3_OR_IO,,,17.983600,24.965000,,,0.600000,0.300000
via,FB_3V3_OR_IO,,,19.048400,30.507600,,,0.600000,0.300000
via,FB_3V3_OR_IO,,,66.228200,8.329200,,,0.600000,0.300000
via,GND,,,71.245300,9.643300,,,0.600000,0.300000
via,GND,,,78.041800,16.289100,,,0.600000,0.300000
via,OLED_RST_OR_INT_DNP,,,17.059100,13.498300,,,0.600000,0.300000
via,RESET_BTN,,,69.757400,18.116200,,,0.600000,0.300000
via,RGB_R_K,,,10.271200,25.625200,,,0.600000,0.300000
via,RGB_R_K,,,14.011400,25.115300,,,0.600000,0.300000
via,SERVICE_BTN,,,61.966700,13.874600,,,0.600000,0.300000
via,SERVICE_BTN,,,69.741200,13.875000,,,0.600000,0.300000
via,SERVICE_BTN,,,75.368300,21.067500,,,0.600000,0.300000
via,STATUS_RGB_DATA,,,17.950000,26.225000,,,0.550000,0.300000
via,USB_CC1,,,14.273000,11.462500,,,0.600000,0.300000
via,USB_CC1,,,23.605800,9.696900,,,0.600000,0.300000
via,USB_CC1,,,50.819100,12.341100,,,0.600000,0.300000
via,USB_CC2,,,12.905700,19.131500,,,0.600000,0.300000
via,USB_CC2,,,15.726000,12.334000,,,0.600000,0.300000
via,USB_D_N,,,10.200000,15.650000,,,0.600000,0.300000
via,USB_D_N,,,13.000000,3.000000,,,0.600000,0.300000
via,USB_D_N,,,69.500000,2.500000,,,0.600000,0.300000
via,USB_D_N,,,72.500000,13.250000,,,0.600000,0.300000
via,USB_D_P,,,9.800000,18.450000,,,0.600000,0.300000
via,USB_D_P,,,14.000000,4.000000,,,0.600000,0.300000
via,USB_D_P,,,68.500000,3.500000,,,0.600000,0.300000
via,USB_D_P,,,73.500000,12.500000,,,0.600000,0.300000
via,USB_D_P_CONN,,,3.500000,17.250000,,,0.600000,0.300000
via,USB_D_P_CONN,,,3.500000,18.250000,,,0.600000,0.300000
via,USB_VBUS,,,5.920200,20.032900,,,0.600000,0.300000
via,USB_VBUS,,,6.533800,14.950000,,,0.600000,0.300000
via,USB_VBUS,,,9.004800,15.662200,,,0.600000,0.300000
via,USB_VBUS_DETECT_RAW,,,74.324000,15.446500,,,0.600000,0.300000
via,GND,,,2.200000,17.750000,,,0.600000,0.300000
via,GND,,,11.800000,3.500000,,,0.600000,0.300000
via,GND,,,66.500000,5.500000,,,0.600000,0.300000
